"지점명","위치"
"수서역사거리","서울특별시 강남구 수서동 724 로즈데일오피스텔"
"양재전화국입구","서울특별시 강남구 도곡1동 207"
"신논현역 사거리","서울 강남구 강남대로 470"
"을지병원 앞 사거리","서울 강남구 논현동 279"
"대치우성아파트 사거리","서울 강남구 영동대로 230"
"하나저축은행 강남지점(남쪽)","서울 강남구 테헤란로 127"
"구역삼세무서","서울 강남구 역삼동 806"
"서울대청초등학교 부근(북동)","서울 강남구 양재대로55길 28"
"선릉역 사거리","서울 강남구 테헤란로 335"
"성수대교 남단 사거리","서울 강남구 압구정로 110-2"
"삼성제일빌딩 앞 사거리","서울 강남구 테헤란로 309"
"영동세브란스(강남세브란스)","서울 강남구 언주로 211"
"서울세관 사거리","서울 강남구 논현동 279-67"
"현대백화점 앞(무역센터점 남서)","서울 강남구 테헤란로 517"
"역삼역 부근(동쪽)","서울 강남구 역삼동 645-5"
"신사역 오거리","서울 강남구 논현동 280"
"경복아파트 앞 사거리","서울 강남구 언주로 620"
"삼성역사거리(4번출구)","서울 강남구 대치동 995"
"차관아파트 사거리(경기고 남서)","서울 강남구 삼성동 111-61"
"구룡초교 사거리","서울 강남구 개포동 659"
"국민연금빌딩 부근 삼거리(동쪽)","서울 강남구 도산대로 128"
"일원1동주민센터 앞 삼거리","서울 강남구 양재대로55길 14"
"학동사거리","서울 강남구 청담동 77"
"우성아파트사거리(역삼초)","서울 강남구 역삼동 858-14"
"구룡터널사거리","서울 강남구 개포동 647-9"
"휘문고교사거리","서울 강남구 대치동 995"
"서울특별시 강남구 자곡동 46-8 숯내교 사거리 횡단보도","서울특별시 강남구 자곡동 46-8"
"청담사거리","서울 강남구 청담동 77"
"한남남단I.C(동쪽)","서울 용산구 한남동 399-7"
"풍림아이원레몬 부근(남서)","서울 강남구 테헤란로64길 13"
"천호사거리(천호역 앞)","서울 강동구 성내동 62-1"
"올림픽공원북2문(체조관)","서울 송파구 방이동 88-10"
"상일2교사거리(상일초 동쪽)","서울특별시 강동구 천호대로219가길 34"
"길동 사거리(휴다임타워)","서울 강동구 천호대로 1139"
"서울천동초 부근 삼거리(서쪽)","서울 강동구 성안로 200"
"광진교 남단(천호동우체국)","서울 강동구 구천면로 188"
"천호동성당 사거리(북쪽)","서울 강동구 구천면로 236-1"
"생태공원앞(탐방객안내소)","서울 강동구 길동 산 7-3"
"태영아파트 삼거리(105동)","서울 강동구 천호대로 1055"
"티지아이프라이데이즈","서울 송파구 올림픽로 269"
"서하남IC입구(창덕여고)","서울 송파구 양재대로 1240"
"(암사) 앞 교차로 횡단보도 내","서울 강동구 암사동 548"
"둔촌초 앞 사거리","서울 강동구 양재대로88길 27"
"직업전문학교(동부기술교육원)","서울 강동구 고덕로 183"
"천호신사거리(현대백화점천호점)","서울 강동구 천호대로 1005"
"둔촌동역 앞 삼거리","서울 강동구 양재대로 1355"
"서울상일초 삼거리(남서)","서울 강동구 상일동 440-3"
"천호시장 사거리(남쪽)","서울 강동구 구천면로34길 10"
"강동성심병원 앞 사거리","서울 강동구 성안로 150"
"천호동공원 사거리(북서)","서울 강동구 올림픽로 702"
"천동초 서쪽 삼거리","서울 강동구 성안로 200"
"강동성심병원 앞 사거리","서울 강동구 성안로 150"
"태영아파트 삼거리(105동)","서울 강동구 천호대로 1055"
"이마트사거리(명일점 북쪽)","서울 강동구 고덕로 276"
"암사역 삼거리(2번출구)","서울 강동구 암사동 540"
"천호중 사거리(동쪽)","서울 강동구 상암로 153"
"천호우성아파트 사거리(1동)","서울 강동구 구천면로 366"
"동방아파트 사거리(북서)","서울 양천구 신월로 220"
"올림픽대로 잠실방면 광진교 아래","서울 강동구 천호동 484-9"
"수유역 사거리(2번출구)","서울 강북구 번동 386-16"
"강북구청 사거리(동쪽)","서울 강북구 도봉로89길 13"
"미아사거리(숭곡중 북서)","서울 성북구 종암로 208"
"삼양입구 사거리(송중초)","서울 강북구 오현로 9"
"수유사거리(대한병원)","서울 강북구 도봉로 301"
"천주교번동성당 동쪽 삼거리","서울 강북구 한천로 945"
"번2치안센터 남쪽 사거리","서울 강북구 오현로 199"
"오패산터널 사거리(요진아파트)","서울 강북구 번동 390"
"성화의료재단 대한병원(북쪽)","서울 강북구 도봉로 301"
"삼양시장 오거리(삼양초)","서울 강북구 미아동 833-8"
"래미안트리베라2차(204동)","서울특별시 강북구 삼양로27길 19"
"도봉세무서 사거리(북쪽)","서울 강북구 도봉로 117"
"미아역 사거리(6번출구 서쪽)","서울 강북구 미아동 194-1"
"경남아너스빌 앞(103동)","서울 구로구 구로중앙로8길 41-23"
"수유중앙교회 앞 사거리","서울 강북구 덕릉로 63"
"수유3동우체국 앞 삼거리","서울 강북구 도봉로 383"
"수유3동우체국 앞 삼거리","서울 강북구 도봉로 383"
"석관사거리(서울숭곡초)","서울 성북구 종암로40길 30"
"미아삼거리역 삼거리(2번출구)","서울 강북구 미아동 860-68"
"개신대학원대학교 앞 사거리","서울 강북구 도봉로 235"
"창문여중고 입구 삼거리","서울 강북구 월계로 61"
"수유3동주민센터 앞 사거리","서울 강북구 노해로 36"
"미아 경남아너스빌(101동)","서울 강북구 삼양로74길 8"
"삼양입구 사거리(송중초)","서울 강북구 오현로 9"
"주영광교회 앞 사거리","서울 관악구 호암로 467"
"번2치안센터 남쪽 사거리","서울 강북구 오현로 199"
"미아동주민센터 앞 삼거리","서울 강북구 솔매로49길 14"
"서울사이버대 부근(서쪽)","서울 강북구 솔매로49길 60"
"송중동주민센터 사거리(북쪽)","서울 강북구 오패산로 162"
"한신대교차로","서울 강북구 수유동 461-1"
"서울양동초 삼거리(서쪽)","서울 양천구 오목로23길 24"
"마곡역 부근 사거리(1번출구)","서울 강서구 마곡동 761-5"
"화곡사거리(까치산역 3번출구)","서울 강서구 화곡동 343-51"
"강서구청입구(경복여고 남동)","서울 강서구 등촌동 665-7"
"서울신월초 삼거리(북쪽)","서울 강서구 화곡동 1089-53"
"화곡사거리(까치산역 3번출구)","서울 강서구 화곡동 662-6"
"양천향교역 앞 사거리","서울 강서구 가양동 150-34"
"마곡엠밸리10단지 앞 공항대로 상","서울 강서구 마곡동 730-735"
"가양역사거리(5번출구)","서울 강서구 가양동 451-1"
"발산역 부근 (8번출구 서쪽)","서울 강서구 마곡동 808"
"화곡역 앞 사거리","서울 강서구 화곡동 1089-54"
"강서그랜드아이파크 앞 사거리","서울 강서구 화곡동 1106-3"
"김포공항입구 사거리(북동)","서울 강서구 방화동 886-15"
"가양아파트사거리(601동 서쪽)","서울 강서구 가양동 451-6"
"개화사거리(서울개화초 남서)","서울 강서구 방화동 515-4"
"청성아파트 부근 삼거리(남쪽)","서울 강서구 방화동 596-1"
"양화교 서단 사거리","서울 양천구 목동 560"
"화곡4동우체국 부근(서쪽)","서울 강서구 곰달래로 265"
"신방화사거리(강서공고)","서울 강서구 방화동 834-3"
"화곡4동우체국 사거리(동쪽)","서울 강서구 곰달래로 265"
"현대그린아파트 사거리(서쪽)","서울 강서구 화곡동 944-14"
"신방화사거리(강서공고)","서울 강서구 방화동 834-4"
"화곡동 111-69번지 삼거리","서울 강서구 화곡동 111-69"
"가양3-5단지(가양역1번출구)","서울 강서구 가양동 14-26"
"강서면허시험장 교차로","서울 강서구 내발산동 754-4"
"명덕고교입구 사거리(남동)","서울 강서구 내발산동 724-41"
"공항고 사거리(남쪽)","서울 강서구 마곡동 736-2"
"화원중 사거리(북서)","서울 강서구 화곡동 662-10"
"화곡사거리(까치산역 3번출구)","서울 강서구 화곡동 662-6"
"마곡동775-3","서울 강서구 마곡동 775-3"
"현대시장입구교차로","서울 관악구 봉천동 976-5"
"봉림교 서단 교차로","서울 관악구 신림동 1467-14"
"구로교 남단 사거리","서울 구로구 구로동 1119"
"신림역사거리","서울 관악구 신림동 1642-9"
"미림여고입구(신성초 부근)","서울 관악구 신림동 289-3"
"서울시립미술관 사거리(북서)","서울 관악구 남현동 1112"
"난곡사거리(국민건강사회공단)","서울 관악구 신림동 538"
"서울대입구역 사거리","서울 관악구 봉천동 859-9"
"서울대입구역 사거리","서울 관악구 봉천동 859-9"
"원당초 앞 사거리","서울 관악구 봉천로 505"
"봉림교 서단 교차로","서울 관악구 신림동 1467-13"
"청암인터그린타워 앞 삼거리","서울 관악구 신림동 1642-9"
"난곡우체국 앞 사거리","서울 관악구 신림동 1642-1"
"양지병원 앞 삼거리(북쪽)","서울 관악구 신림동 1467-5"
"동부센트레빌 삼거리(동쪽)","서울 관악구 신림동 724-1"
"롯데백화점(관악점)","서울 관악구 봉천로 209"
"서울미술고 삼거리(남서)","서울 관악구 남부순환로247길 26"
"당곡초 부근 삼거리(남쪽)","서울 관악구 보라매로2길 23"
"신림동시앤 앞 삼거리","서울특별시 영등포구 대림동 973-17"
"우방아파트 삼거리(102동 앞)","서울 관악구 관천로27길 2"
"은천삼거리(강남고려병원)","서울 관악구 봉천동 7-17"
"신대방역(1번 출구)","서울 관악구 신림동 502"
"신림동 706-128번지","서울 관악구 신림동 706-128"
"봉현초 앞 사거리","서울 관악구 성현로 117"
"신림역사거리","서울 관악구 신림동 1467-10"
"신림교 서단 사거리","서울 관악구 신림동 1642-14"
"관악구청 앞 삼거리","서울 관악구 봉천동 1693-14"
"선경아파트 부근 사거리(북서)","서울 관악구 봉천동 981-4"
"관악구청 앞 삼거리","서울 관악구 봉천동 1570-1"
"롯데타워아파트 앞 삼거리","서울 관악구 봉천동 1693-29"
"건대입구역교차로","서울 광진구 화양동 4-9"
"혜민병원 남쪽 삼거리","서울 광진구 자양로 95-2"
"군자역 사거리(동쪽)","서울 광진구 능동 275-5"
"군자역 사거리(7번출구)","서울 광진구 능동 275-5"
"광장극동1차 앞 삼거리(1동)","서울 광진구 광장동 236"
"송정동서울숲아이파크(103동)","서울 성동구 동일로 237"
"군자역 사거리","서울 광진구 능동 275-5"
"중곡사거리(광진구정신보건센터)","서울 광진구 용마산로 55-2"
"우편취급소 앞 사거리","서울 광진구 광장로 80"
"구의사거리(어린이대공원)","서울 광진구 구의동 234-21"
"동양파라곤 앞(101동)","서울 광진구 군자동 346-42"
"이마트 앞 삼거리(자양점)","서울 광진구 자양동 227-341"
"군자역 사거리(서쪽)","서울 광진구 능동 275-5"
"광장극동2차 삼거리(15동 북쪽)","서울 광진구 광장동 218-1"
"성수119안전센터 앞 사거리","서울 성동구 성수동2가 231-24"
"역어린이대공원역(4번출구)","서울 광진구 능동로 지하 210"
"자양동우체국 사거리(서쪽)","서울 광진구 자양동 730"
"우성2차 앞 사거리(202동)","서울 광진구 자양번영로 43-2"
"성수사거리(청정아파트)","서울 광진구 화양동 50-7"
"비츠로빌딩 앞 교차로","서울 광진구 군자동 46-3"
"화양사거리","서울 성동구 성수동2가 281-31"
"군자동 노상","서울 광진구 중곡동 150-196"
"어린이대공원 부근(북동)","서울 광진구 능동로 216"
"어린이대공원 부근(북동)","서울 광진구 능동로 216"
"서울화양초 삼거리(남동)","서울 광진구 화양동 12-63"
"자양동 45-23번지 삼거리","서울 광진구 자양동 45-5"
"건국대 생명고학관 앞","서울특별시 광진구 능동로 120"
"삼성제약빌딩 앞 삼거리","서울특별시 광진구 중곡동 614-4"
"광진구청 사거리(북동)","서울 광진구 자양로 125-2"
"중곡동","서울 광진구 중곡동 150-329"
"디지털단지 오거리(가산파출소)","서울 금천구 가산동 127-34"
"시티월드 삼거리(서쪽)","서울 금천구 가산동 127-34"
"거리공원오거리(신구로현대)","서울 구로구 구로동 68-1"
"대륭포스트타워5차 앞(북쪽)","서울특별시 금천구 디지털로9길 68"
"디지털단지입구(미성1동 동쪽)","서울 관악구 시흥대로 554"
"구로소방서교차로(북쪽)","서울 구로구 경인로 429-1"
"개봉사거리(경인중 남동)","서울 구로구 경인로 321-1"
"고척교사거리(동단)","서울 구로구 고척동 63-3"
"남구로역 삼거리(3번출구)","서울 구로구 도림로 20"
"에이케이플라자 앞(구로점)","서울 구로구 새말로 2-1"
"거리공원입구(신도림SK뷰)","서울 구로구 신도림동 360-15"
"한일유앤아이앞교차로","서울 금천구 가산동 481-12"
"치킨아리아","서울특별시 구로구 경인로 661"
"구로교 남단 사거리","서울 구로구 시흥대로 583-2"
"오류동역앞 삼거리(3번출구)","서울 구로구 오류동 332-5"
"구로구청 앞 사거리(동쪽)","서울 구로구 가마산로 241-1"
"영화아파트 삼거리(101동)","서울 구로구 개봉동 174-1"
"삼호아파트 앞 사거리(102동)","서울 구로구 개봉동 403-10"
"예성라온팰리스 삼거리(102동)","서울 구로구 경인로 248-14"
"구로1교 교차로(남단)","서울 구로구 구로동 179-91"
"오류고 사거리(남쪽)","서울 구로구 오리로23길 14-47"
"경인중 삼거리(서쪽)","서울 구로구 개봉동 154-92"
"오금교 남단 사거리","서울 양천구 신정동 330-8"
"한신휴아파트 사거리(105동)","서울 구로구 디지털로31길 120"
"미성아파트 사거리(1동 북서)","서울 구로구 구로동 614-63"
"구로리어린이공원 사거리(북쪽)","서울 구로구 구로동 139-81"
"오남중 부근 사거리(북쪽)","서울 구로구 오리로9길 25"
"고척교사거리(동단)","서울 구로구 고척동 63-3"
"구로역사거리(2번출구 북쪽)","서울 구로구 구로동 602-3"
"구로1동파출소 앞 삼거리","서울 구로구 구로동 685-224"
"시흥사거리(금천지구대 동쪽)","서울 금천구 시흥동 1000-48"
"시흥3동우편택배취급국(북쪽)","서울 금천구 시흥동 1001-16"
"서울금천우체국 사거리(북동)","서울 금천구 독산동 287-8"
"독산동 991-18번지 사거리","서울 금천구 독산동 995-9"
"말미사거리(홈플러스 금천점)","서울 금천구 독산동 292-25"
"마리오사거리(마리오아울렛 앞)","서울 금천구 가산동 60-35"
"기아대교 동단 삼거리","서울 금천구 시흥동 1001-29"
"독산동군인아파트 삼거리(5동)","서울 금천구 독산동 1152"
"시흥5동주민센터 오거리(남쪽)","서울 금천구 시흥동 1000-123"
"말미사거리(홈플러스 금천점)","서울 금천구 독산동 292-25"
"시흥4동주민센터 부근(북서)","서울 금천구 시흥동 1000-25"
"마리오사거리(마리오아울렛 앞)","서울 금천구 가산동 60-35"
"문성지구대 사거리(남서)","서울 금천구 독산동 189-36"
"홈플러스 시흥점 부근(남쪽)","서울 금천구 시흥동 992-47"
"디지털단지 오거리(가산파출소)","서울 구로구 가리봉동 121-50"
"독산사거리(롯데마트 금천점)","서울 금천구 독산동 152-12"
"문성지구대 삼거리(북서)","서울 금천구 독산동 185-4"
"현대지식산업센터삼거리(남쪽)","서울 금천구 독산동 294-8"
"시흥사거리(금천지구대 동쪽)","서울 금천구 시흥동 1000-48"
"남부여성발전센터 부근(북서)","서울 금천구 시흥동 1000-158"
"금천우체국사거리(남쪽)","서울 금천구 독산동 287-8"
"금천교사거리(하안대교 서단)","서울 금천구 독산동 1085"
"시흥4동주민센터 삼거리(북서)","서울 금천구 시흥동 1000-25"
"구로전화국사거리(KT구로 남쪽)","서울 금천구 독산동 996"
"서울시흥초 삼거리(동쪽)","서울 금천구 시흥동 1000-81"
"디지털3단지(롯데IT캐슬1동)","서울 금천구 가산동 371-27"
"관악농협 삼거리","서울 금천구 독산동 148-23"
"남부여성발전센터 부근(북서)","서울 금천구 시흥동 21-5"
"관악농협신독산지점 앞 삼거리","서울 금천구 독산동 148-23"
"박미삼거리(백산초 북서)","서울 금천구 시흥동 1000-92"
"창동교 동단 사거리","서울 노원구 상계동 739"
"중계역사거리","서울 노원구 덕릉로 553"
"태릉입구역 사거리(7호선)","서울 노원구 공릉동 678-1"
"중계경남아너스빌 앞(102동)","서울 노원구 중계동 136-1"
"수락산역 부근(4번출구)","서울 노원구 상계동 1118-77"
"하계역 사거리","서울 노원구 동일로 지하 1196"
"공릉역 사거리","서울 노원구 동일로 지하 1074"
"롯데백화점 앞 사거리(상계2동)","서울 노원구 노해로 476-2"
"신도2차아파트 부근 사거리(북동)","서울 노원구 동일로193길 7"
"녹천교 동단 사거리","서울 노원구 상계동 769-4"
"불암현대아파트 부근(서북)","서울특별시 노원구 덕릉로118길 27"
"화랑대사거리(공릉2치안센터)","서울 노원구 노원로1길 2"
"인덕대학입구교차로","서울 노원구 초안산로 12"
"월계주공1단지(108동 서쪽)","서울 노원구 월계로49길 5"
"공릉우성아파트 부근(서남)","서울 노원구 동일로198길 24"
"중계근린공원 사거리(북쪽)","서울 노원구 동일로 1229"
"상계2동주민센터 부근(남동)","서울 노원구 상계로 118"
"하계역 사거리","서울 노원구 동일로 지하 1196"
"노일초 사거리(북동)","서울특별시 노원구 동일로 1625"
"롯데백화점 앞 사거리(상계2동)","서울 노원구 동일로 1413"
"대진고등학교 사거리","서울 노원구 공릉로62가길 47"
"수락산입구역 사거리(5번출구)","서울 노원구 동일로 지하 1662"
"순복음노원교회 앞 삼거리","서울 노원구 노원로 440"
"메디아이여성병원 부근(북쪽)","서울 노원구 노원로 448"
"두산아파트 앞 사거리(101동)","서울 노원구 동일로241길 53"
"공릉초 부근 사거리(북쪽)","서울 노원구 동일로173길 12"
"서울여대입구 삼거리(남쪽)","서울 노원구 화랑로 621"
"노원구민회관교차로","서울 노원구 하계동"
"녹천중학교 부근 삼거리(서쪽)","서울 노원구 월계로 376"
"상계역 삼거리(북쪽)","서울 노원구 상계로 182"
"창동고 앞 삼거리(북서)","서울 도봉구 노해로62길 7"
"우이교교차로(데시앙104동)","서울 도봉구 창동"
"창동시장입구(강북힘찬병원)","서울 도봉구 창동 445-13"
"삼성래미안2단지(202동 북쪽)","서울 도봉구 도봉로150길 42"
"쌍문파출소 사거리(남쪽)","서울 도봉구 방학로3길 132"
"창동역 사거리(1번출구 동쪽)","서울 도봉구 마들로11길 77"
"방학역삼거리(1번출구 남서)","서울 도봉구 도봉로150다길 3"
"서울오봉초 사거리(동쪽)","서울 도봉구 시루봉로 285"
"도봉역사거리(1번출구 앞)","서울 도봉구 도봉로170길 2"
"금호1차아파트 사거리(1동)","서울 관악구 대학18길 6"
"노원교교차로(서단)","서울 도봉구 도봉동"
"홈플러스 앞 사거리(방학점)","서울 도봉구 도봉로 678"
"도봉보건소 사거리(남쪽)","서울 도봉구 방학로3길 117"
"거성학마을아파트(101동)","서울 도봉구 도당로 116"
"창동현대1차 앞(101동)","서울 도봉구 해등로16길 12"
"도봉구민회관 앞 삼거리","서울 도봉구 도봉로 552"
"서울숭미초 삼거리(남쪽)","서울 도봉구 노해로 179"
"도봉산역 부근 삼거리(남쪽)","서울 도봉구 도봉로 948"
"반석교회 앞 삼거리","서울 구로구 도림로20길 40"
"중흥S클래스삼거리(101동)","서울 도봉구 도봉로180가길 32"
"서울북부지방법원 삼거리(동쪽)","서울 도봉구 마들로 749"
"녹천교 서단 사거리","서울 도봉구 창동"
"창원초교사거리(남동)","서울 도봉구 해등로 103"
"도봉산역 삼거리(1번출구)","서울 도봉구 도봉로 948"
"양효안공신도비부묘소 앞 삼거리","서울 도봉구 방학동 63-1"
"도봉경찰서 사거리(남동)","서울 도봉구 노해로 403"
"수유교 남단 사거리","서울 도봉구 쌍문동"
"도봉1치안센터 사거리(북쪽)","서울 도봉구 도봉로169나길 4"
"쌍문역 1번출구 부근(북쪽)","서울 도봉구 도봉로 지하 486-1"
"청한빌라 앞(이마트 쌍문동점)","서울 도봉구 해등로 373"
"경동시장사거리(동의보감타워)","서울 동대문구 고산자로36길 3"
"용두1치안센터 사거리(동쪽)","서울특별시 동대문구 왕산로 95"
"청량리역 교차로","서울 동대문구 왕산로 214"
"장안동사거리(프리머스 시네마)","서울 동대문구 장안동"
"청량리역 부근 삼거리(서쪽)","서울 동대문구 왕산로 214"
"삼육보건대 사거리(북서)","서울 동대문구 망우로 82"
"성바오로병원 교차로(북서)","서울 동대문구 제기동"
"경동시장 앞 삼거리(동서울빌딩)","서울 동대문구 제기동"
"휘경2동주민센터 앞 삼거리","서울 동대문구 한천로 329"
"농협 앞 교차로(제기동점)","서울특별시 동대문구 제기동 1015"
"신설동역사거리(동대문우체국)","서울 동대문구 천호대로 4"
"제기동 433-5번지 사거리","서울 동대문구 제기동 433-5"
"지방경찰청정비창 앞 교차로","지방경찰청정비창 앞 교차로"
"도시철도공사 앞 사거리","서울 동대문구 장안동"
"동원빌딩 앞 삼거리","서울 동대문구 망우로 19"
"촬영소사거리(풍안시장 앞)","서울 동대문구 한천로 123"
"성바오로병원 교차로(북서)","서울 동대문구 제기동"
"이슬어린이공원 부근 삼거리","서울 동대문구 장안1동 190-62"
"개운산입구교차로(고려대)","서울 성북구 종암동"
"휘경센트레빌 사거리(101동 북서)","서울 동대문구 외대역동로 14"
"휘경119안전센터 앞 삼거리","서울 동대문구 망우로 106"
"홍파초 앞 사거리","서울 동대문구 고산자로 518"
"제기사거리(제기동 799번지)","서울 동대문구 제기동"
"배봉초 사거리(남동)","서울 동대문구 사가정로 207"
"동대문중 사거리(남쪽)","서울 동대문구 답십리로 130"
"청량리동주민센터 부근","서울 동대문구 왕산로43다길 5"
"클래식타워 앞 교차로","서울 동대문구 천호대로 307"
"용신동주민센터 부근(동쪽)","서울 동대문구 천호대로27길 35"
"전농119안전센터 앞 사거리","서울 동대문구 황물로 3"
"한국외대 부근 삼거리","서울 동대문구 이문로 107"
"상도역사거리","서울 동작구 상도로 지하 272"
"한강대교 남단 사거리","서울 동작구 본동"
"성대시장 앞 삼거리(북동)","서울 동작구 국사봉1길 41"
"대림사거리(대림우체국 남동)","서울 영등포구 대림로 85"
"이수역 부근(10번출구 서쪽)","서울 동작구 사당로 지하 310"
"숭실대입구역 부근(북쪽)","서울 동작구 상도로 지하 378"
"노량진삼거리(노량진역)","서울 동작구 노량진로 151"
"사당역사거리(사당역 앞)","서울 동작구 남부순환로 지하 2089"
"중앙하이츠빌 부근(110동)","서울 동작구 상도로 320"
"상도3동주민센터 앞 삼거리","서울 동작구 성대로2길 11"
"노량진119안전센터 앞 삼거리","서울 동작구 노량진로 187"
"신대방삼거리역","서울 동작구 상도로 지하 76"
"국립현충원 삼거리(분수대앞)","서울 동작구 현충로 210"
"숭실대입구역삼거리","서울 동작구 상도로 지하 378"
"남성지구대 앞 삼거리","서울 동작구 동작대로43길 22"
"중앙대학교병원 앞 사거리","서울 동작구 흑석로 102"
"장승배기역사거리","서울 동작구 상도로 지하 188"
"신대방삼거리역 부근(남쪽)","서울 동작구 상도로 지하 76"
"신한은행 상도역지점 앞 오거리","서울 동작구 상도로 241"
"동작지하차도(동작역 부근)","서울 동작구 동작동"
"남사초등학교","서울 동작구 동작대로13길 22"
"약수맨션앞 사거리(B동 서쪽)","서울 동작구 양녕로26길 11"
"노량진삼거리(노량진역)","서울 동작구 노량진동"
"대림아파트(공무원공군아파트)","서울 동작구 사당로17길 52"
"노량진수산시장 앞 도로","서울 동작구 노들로 674"
"한강대교 남단 사거리","서울 동작구 본동"
"상도3파출소 앞 삼거리","서울 동작구 상도로 87"
"서울공고 앞 사거리","서울 동작구 대방동1길 46"
"삼거리시장 사거리(동남)","서울특별시 동작구 노량진동"
"상도아아파트 앞(101동)","상도아아파트 앞(101동)"
"공덕오거리(공덕역)","서울 마포구 공덕동 429-11"
"서교푸르지오 부근(북쪽)","서울 마포구 홍익로 10"
"신촌로타리(신촌역)","서울 마포구 노고산동 31-123"
"신공덕2차래미안 앞(203동)","서울 마포구 만리재로 74"
"양화대교북단 부근(북동)","서울 마포구 합정동 345-1"
"아현중학교 앞 사거리(남쪽)","서울 마포구 마포대로 247"
"합정역 부근(6번출구)","서울 마포구 합정동 402"
"아현교차로(아현중 부근)","서울 마포구 아현동"
"서교동사거리(서교웨딩문화원)","서울 마포구 서교동"
"성산2교 남단 사거리","서울 마포구 성산동"
"드와이트스쿨 부근 삼거리(북쪽)","서울특별시 마포구 월드컵북로62길 21"
"성산119안전센터 앞 삼거리","서울 마포구 월드컵북로 240"
"합정역사거리(8번출구)","서울 마포구 합정동 383-36"
"월드컵경기장 사거리(서쪽)","서울 마포구 월드컵로 240"
"서강동주민센터 사거리(남동)","서울 마포구 독막로 165"
"함성월드빌아파트 부근(동쪽)","서울 마포구 월드컵로11길 35"
"가양대교 북단 교차로","서울 마포구 상암동"
"KT&G상상마당 앞 사거리","서울 마포구 어울마당로 65"
"양화대교북단 부근(북동)","서울 마포구 합정동 345-1"
"성산대교 부근 삼거리(서쪽)","서울 마포구 망원동"
"마포삼성 앞(101동)","서울 마포구 도화길 28"
"마포대교입구(마포역 부근)","서울 마포구 마포대로 지하 33"
"상암초교교차로","서울 마포구 월드컵북로 353"
"공덕초 부근(북서)","서울 마포구 만리재옛길 13"
"마포역 부근(2번출구)","서울 마포구 도화동 555-2"
"망원2치안센터 부근(동쪽)","서울 마포구 월드컵로31길 18"
"망원2치안센터 부근(동쪽)","서울 마포구 월드컵로31길 18"
"신촌로타리(신촌역)","서울 마포구 노고산동 31-123"
"상암사거리(월드컵터널)","서울 마포구 성산동"
"상수역 사거리","서울 마포구 독막로 85"
"독립공원(출입구 앞 사거리)","서울 서대문구 통일로 251"
"홍은사거리(서대문도시관리공단)","서울 서대문구 백련사길 39"
"홍제초 사거리(남서)","서울 서대문구 홍은중앙로 13"
"연세대 앞(세브란스병원)","서울 서대문구 연세로 50"
"사천교 서단(가좌역)","서울 서대문구 남가좌동"
"홍제역 3번출구 앞 삼거리","서울 서대문구 홍제동 161-1"
"홍연2교 북단 교차로","서울 서대문구 연희동"
"홍제역 삼거리(4번출구)","서울 서대문구 홍제동 161-1"
"서대문역 앞 사거리","서울 종로구 통일로 지하 126"
"홍제삼거리(한신휴플러스)","서울 서대문구 통일로 397"
"연희동 136-8번지 사거리","서울 서대문구 연희동 136-8"
"교남동주민센터 부근(서쪽)","서울 종로구 송월길 154"
"신촌역교차로","신촌역 교차로"
"서울금화초교 사거리(북쪽)","서울 서대문구 통일로 165"
"증산2교 서단 사거리","서울 서대문구 북가좌동"
"인왕아파트 앞 삼거리(4동)","서울 서대문구 통일로32길 3"
"독립문역 앞 교차로","서울 서대문구 통일로 지하 247"
"연대 공학원 부근(남쪽)","서울 서대문구 연세로 50"
"연희동 성당 부근(북서)","서울 서대문구 연희로 64-14"
"홍은동 142-19번지","서울 서대문구 홍은동 142-19"
"북가좌사거리(북가좌2치안센터)","서울 서대문구 증가로 244"
"국민권익위원회 앞 삼거리","서울 종로구 사직로8길 60"
"홍제초 사거리(남서)","서울 서대문구 홍은중앙로 13"
"홍은사거리(서대문도시관리공단)","서울 서대문구 백련사길 39"
"연세대 재활학교 앞","서울 서대문구 연세로 50"
"사천교교차로(사천교 동단)","서울 서대문구 연희동"
"흥남교 남단 사거리","서울 서대문구 남가좌동 79-167"
"가좌삼거리(삼성래미안2차)","서울 서대문구 수색로6길 43"
"서대문구청 앞 사거리","서울 서대문구 연희로 248"
"증산교 남단 사거리","서울 서대문구 북가좌동 415"
"KOTRA빌딩 앞 사거리","서울 서초구 헌릉로 13"
"트럭터미널앞교차로","서울 서초구 양재동"
"트럭터미널 앞 사거리","서울 서초구 양재동"
"반포힐스테이트 앞(104동 남쪽)","서울 서초구 신반포로16길 15-20"
"호남선터미널 앞 사거리","서울 서초구 신반포로 176"
"교대역 지상 사거리","서울 서초구 서초대로 지하 294"
"강남귀금속타운 앞 사거리","서울 서초구 신반포로 162"
"교육개발원입구 사거리","서울 서초구 양재동 20-40"
"고속터미널앞사거리(고속터미널역)","서울 서초구 신반포로 지하 188"
"서울성모병원교차로","서울 서초구 반포대로 222"
"이수교차로(동작역 남동)","서울 동작구 현충로 257"
"삼호가든사거리(고속터미널)","서울 서초구 반포동"
"화련회관(남서 사거리)","서울 서초구 동작대로 230"
"성모병원 앞 도로","서울 서초구 반포대로 222"
"양재IC 염곡사거리 부근","서울 서초구 양재동 238-1"
"서초1교(삼익아파트)","서울 서초구 서초동 1414"
"교대역 지상 사거리","서울 서초구 서초대로 지하 294"
"트럭터미널앞교차로","서울 서초구 양재동"
"서초구민회관 부근 삼거리(남쪽)","서울 서초구 강남대로 201"
"서울고교사거리(서울고 앞)","서울 서초구 효령로 197"
"서초I.C(남단)","서울 서초구 서초동"
"EXR타워(서쪽 삼거리)","EXR타워(서쪽 삼거리)"
"사당역사거리(사당역 앞)","서울 동작구 남부순환로 지하 2089"
"서울남부터미널 부근(서쪽)","서울 서초구 효령로 292"
"경부고속도로 서울방면 415km 부근 경부고속도로 서울방면 415km","경부고속도로 서울방면 415km 부근 경부고속도로 서울방면 415km"
"서초역 부근 삼거리(서쪽)","서울 서초구 서초대로 지하 233"
"사당역 11번출구 부근(동쪽)","서울 서초구 방배동 443-12"
"서초역사거리(법원 앞)","서울 서초구 서초중앙로 157"
"반포역 지상 삼거리","서울 서초구 신반포로 지하 241"
"윤봉길의사기념관(남쪽)","서울 서초구 매헌로 99"
"용비교 동단 삼거리","서울 성동구 금호동4가"
"무학여고 앞 사거리","서울 성동구 고산자로 197"
"바람의언덕 출입구 앞(서울숲)","서울 성동구 성수동1가 683-4"
"왕십리역오거리(성동경찰서)","서울 성동구 왕십리광장로 9"
"논골사거리(행당대림 107동)","서울 성동구 행당로 79"
"비우당교 남단 사거리","서울 성동구 상왕십리동"
"사근램프 앞 교차로(세림아파트)","서울 성동구 마장로42길 16"
"서울행현초 삼거리(동쪽)","서울 성동구 행당로 95"
"도선사거리(성동구청 부근)","서울 성동구 고산자로 270"
"행동1동주민센터 사거리(동쪽)","서울 성동구 고산자로10길 18"
"자전거도로 한양여대 앞 청계천 자전거도로상","서울 성동구 살곶이길 200"
"금남파출소 삼거리(북동)","서울 성동구 독서당로 286-1"
"월드특수조명","서울 성동구 성수이로3길 11"
"군포치안센터 부근(서쪽)","군포치안센터 부근(서쪽)"
"행당대림아파트 앞 삼거리(101동)","서울 성동구 행당로 79"
"성수역 1번출구 삼거리","서울 성동구 성수동2가 289-30"
"상왕십리역 2번출구 삼거리","서울 성동구 도선동 417"
"성수1치안센터(서쪽)","서울 성동구 뚝섬로 364-1"
"마장역 1번출구 앞 삼거리","서울 성동구 마장동 804"
"하왕십리치안센터 앞 사거리","서울 성동구 왕십리로 341"
"금호사거리(금호4가우체국)","서울 성동구 금호동4가"
"서울성수초 사거리(남쪽)","서울 성동구 아차산로17길 21"
"동부간선도로(동아그린아파트 부근)","서울 성동구 상원길 76"
"울서울숲입구(한진타운아파트 앞)","서울 성동구 뚝섬로 310"
"성원중 사거리(동쪽)","서울 성동구 성덕정9가길 13"
"뉴타운아파트 부근 사거리","서울 성동구 왕십리로 391"
"고산자교 남단 사거리","서울 성동구 마장동"
"마장동우체국 앞 삼거리","서울 성동구 고산자로 352"
"서울숲푸르지오 앞(101동)","서울 성동구 금호로 15"
"서울숲지구대 사거리(동쪽)","서울 성동구 성덕정길 77-2"
"길음역 부근(북쪽)","서울 성북구 동소문로 지하 248"
"종암경찰서 삼거리(남동)","서울 성북구 화랑로7길 32"
"돈암1동주민센터 부근(서쪽)","서울 성북구 정릉로48길 35"
"종암사거리(성북소방서)","서울 성북구 종암로27길 3"
"성북구청입구(성북경찰서)","서울 성북구 보문로 170"
"돌곶이역(3번출구)","서울 성북구 장위동 64-100"
"월곡2치안센터 부근(북쪽)","서울 성북구 화랑로 98"
"한성대입구역 사거리","서울 성북구 삼선교로 지하 1"
"정릉시장 부근(동쪽)","서울 성북구 정릉동 980"
"성북우체국 부근(서쪽)","서울 성북구 동소문로 310"
"성북구청 부근(남동)","서울 성북구 보문로 168"
"성북동 주민센터 부근(남쪽)","서울 성북구 성북로 37"
"장위사거리(석관동주민센터)","서울 성북구 화랑로 296"
"성신여대입구역 부근(동쪽)","서울 성북구 동소문로 지하 102"
"성신여대입구역 사거리","서울 성북구 동소문로 지하 102"
"정릉입구(정릉2동주민센터)","서울 성북구 정릉로26길 1"
"숭례초 삼거리(남동)","서울 성북구 종암로5길 14"
"성북구 보건소 부근(서쪽)","서울 성북구 화랑로 63"
"길음119 앞 삼거리","서울 성북구 정릉로 321"
"종암동주민센터 부근(북서)","서울특별시 성북구 종암로 98-8"
"길음교교차로(길음시장)","서울특별시 성북구 동소문로 227"
"한신아파트 앞(113동)","서울특별시 성북구 성북로4길 52"
"돈암우체국 앞 사거리","서울특별시 성북구 삼선동4가 352-1"
"정릉동 303-13번지","서울특별시 성북구 정릉동 303-13"
"방천시장 입구(창문여고)","서울특별시 강북구 월계로 61"
"브라운스톤동선아파트 부근(동쪽)","서울특별시 성북구 아리랑로5길 25"
"종암동SK아파트 부근(101동)","서울특별시 성북구 종암로24가길 53"
"석관동 322-2번지","서울특별시 성북구 석관동 322-3"
"길음동부센트레빌(101동 서쪽)","서울 성북구 숭인로2길 61"
"월곡역(3번출구)","서울 성북구 하월곡동 37-6"
"월곡역(3번출구)","서울 성북구 하월곡동 37-6"
"송파구청사거리(구청 앞)","서울특별시 송파구 올림픽로 326"
"가락시장앞사거리(가락시장역)","서울 송파구 가락동 184-23"
"잠실역 사거리(2호선)","서울특별시 송파구 신천동 7-18 번지"
"송파세무서 앞 오거리","서울특별시 송파구 강동대로 62"
"KB국민은행 삼전남지점(동쪽)","서울특별시 송파구 백제고분로 196"
"송파1동우체국(서쪽)","서울 송파구 백제고분로42길 5"
"장지교교차로(송파IC)","서울 송파구 장지동 245-15"
"석촌호수 사거리(북쪽)","서울 송파구 잠실동 42"
"송파사거리(잠실여고 서쪽)","서울 송파구 송파동 2-12"
"서울지방경찰청 제3기동단(서남)","서울 송파구 문정동 392-19"
"삼성교사거리(삼성교 동단)","서울 송파구 잠실동 5"
"금호아파트 삼거리(101동 앞)","서울 송파구 송파대로32길 15"
"송파1동 주민센터 앞 사거리","서울 송파구 송파동 1"
"삼전동주민센터 사거리(북쪽)","서울 송파구 삼전동 86"
"복정역 사거리","서울 송파구 장지동 596-7"
"강동구청역 앞 사거리","서울 강동구 성내동 319-40"
"올림픽훼미리타운(110동 동쪽)","서울특별시 송파구 중대로 24"
"종합운동장사거리(아시아공원)","서울 송파구 잠실동 124"
"평화의문삼거리(몽촌토성역)","서울 송파구 방이동 94-3"
"동부센트레빌 앞(101동)","서울 송파구 송파대로37길 29"
"복정역 부근 사거리(남쪽)","서울 송파구 장지동 595-10"
"가락시장역 8번출구 사거리","서울 송파구 가락동 214-15"
"오륜삼거리","서울특별시 송파구 동남로 341"
"건영아파트 사거리(101동 북서)","서울 송파구 문정동 72"
"거여역 7번출구 사거리","서울 송파구 거여동 20-14"
"신천역 앞 사거리(2번출구)","서울 송파구 잠실동 34"
"근린공원 앞 사거리","서울 송파구 문정동 305-24"
"풍납사거리(풍납현대101동)","서울 송파구 풍납동 465-1"
"광평교 동단 사거리","서울 송파구 가락동 632-1"
"탄천교 동단 교차로","서울 송파구 가락동 538"
"오금교교차로(오금교 북단)","서울 양천구 신정동 871-10"
"청소년수련관 사거리(남서)","서울 양천구 목동 918-2"
"SBS방송센터교차로","서울 양천구 목동 920-2"
"신서고 부근(북서)","서울 양천구 신정동 1110"
"신정네거리역 사거리","서울 양천구 신정동 1031-1"
"신월동우체국 사거리(북동)","서울 양천구 신월동 790"
"보성주상복합아파트 앞(서쪽)","서울 양천구 신정동 992-1"
"삼익4차플라주 부근(남쪽)","서울 양천구 신월로 203"
"오목교 사거리(3번출구)","서울 양천구 목동 451"
"강월초교입구(신월제일교회)","서울 양천구 남부순환로 577"
"양천벽산블루밍3단지 앞","서울 양천구 월정로7길 24"
"신서고 부근(북서)","서울 양천구 신정동 984-1"
"신월동 544-6번지 앞 사거리","신월동 544-6번지"
"신정네거리역 부근 삼거리(동쪽)","서울특별시 양천구 중앙로 276"
"강월초교입구(신월제일교회)","서울 양천구 남부순환로 577"
"목동문화회관 부근 삼거리(남동)","서울특별시 양천구 목동동로 77"
"진명여고 사거리(남서)","서울 양천구 목동 927-13"
"태진아름아파트(103동 동쪽)","서울 강서구 등촌동 613-1"
"목동역 오거리","서울 양천구 신정동 994-2"
"영상고 부근(남서)","서울 양천구 목동로11길 46"
"목동청소년수련관 사거리(남동)","서울 양천구 목동 918-2"
"목동3시장 교차로","서울 양천구 목동 618-18"
"청송그린힐 아파트 앞 사거리","서울 양천구 신월동 906"
"방송회관 앞(목운중)","서울 양천구 목동 922"
"목동문화회관 부근 삼거리(남동)","서울특별시 양천구 목동동로 77"
"강월초 동남 삼거리","서울 양천구 신월동 906"
"신정네거리역 사거리","서울 양천구 신정동 1031-1"
"강서초 부근 사거리(동쪽)","서울 양천구 신월동 849"
"양동중 사거리(동쪽)","서울 양천구 목동 508-5"
"신트리공원 앞 사거리","서울 양천구 신정동 310-10"
"영등포로타리(영등포2치안센터)","서울 영등포구 영등포동2가 174-1"
"삼성화재영등포사옥 앞","서울 영등포구 양평로 76"
"영등포역 앞 삼거리(우체국)","서울 영등포구 경인로 841"
"노들길 김포방향","서울 영등포구 당산로52길 3"
"우성빌딩 사거리(북서)","서울 영등포구 버드나루로 73"
"여의2교 서단 사거리","서울 영등포구 영등포동7가 94-411"
"영등포시장사거리(중앙어린이공원 부근)","서울 영등포구 영등포동6가 7-1"
"거리공원오거리(신동아 2동)","서울 구로구 구로동 68-1"
"영등포전화국(신화병원)","서울 영등포구 영중로 100"
"여의교교차로(여의도119안전센터)","서울 영등포구 의사당대로 162"
"신풍역 3번출구(7호선)","서울 영등포구 신길동 399"
"영등포역 앞 삼거리(우체국)","서울 영등포구 경인로 841"
"국제금융센터 앞 사거리","서울 영등포구 국제금융로 10"
"신길광장공원(구민체육센터)","서울 영등포구 신길동 431-28"
"청과시장입구(영등포역)","서울 영등포구 문래동3가 2-2"
"당산푸르지오 앞(101동)","서울 영등포구 영중로 154"
"도림사거리(신길건영아파트)","서울 영등포구 신길동 362-1"
"우성2차 앞 사거리(201동)","서울 영등포구 도림로47길 1"
"영등포구청 앞 사거리","서울 영등포구 당산로 123"
"썬프라자(우성3차 앞 삼거리)","서울 영등포구 신길로 39"
"당산역 부근(3번출구)","서울 영등포구 당산동6가 323-1"
"영등포구청 삼거리(남동)","서울 영등포구 당산로 123"
"사러가쇼핑센터 앞 사거리","서울 서대문구 연희맛로 23"
"영등포로타리(영등포2치안센터)","서울 영등포구 버드나루로 1-1"
"여의도역 사거리","서울 영등포구 의사당대로 지하 101"
"문래동사거리(영등포초)","서울 영등포구 문래동1가"
"서울교 서단 교차로","서울 영등포구 여의도동 29-1"
"대림공원사거리(대림어린이공원)","서울 영등포구 대림로 106"
"구로제2교 동단(대림역)","서울 영등포구 대림동 1053-6"
"양남사거리(양평파출소 앞)","서울 영등포구 양평동1가 19-2"
"보광동주민센터 사거리(동쪽)","서울 용산구 보광동 217-2"
"용산역 앞 사거리(한강초)","서울 용산구 한강대로14길 9"
"현대리버티하우스(서쪽)","서울 용산구 독서당로 70"
"브라운스톤용산아파트 부근(동북)","서울특별시 용산구 효창원로 88"
"순천향대서울병원 부근","서울 용산구 대사관로 59"
"이태원119안전센터 앞 사거리","서울 용산구 이태원로 196"
"이태원동우체국 삼거리(남서)","서울 용산구 녹사평대로 212"
"용산우체국교차로","서울 용산구 한강로2가"
"한강대교 북단 교차로","서울 용산구 이촌동 301-5"
"녹사평역(이태원지하차도)","서울 용산구 녹사평대로 지하 195"
"이태원동 262-79번지 앞 삼거리","이태원동 262-79"
"한남대교 삼거리(북단)","서울 용산구 한남동 459-2"
"KY빌딩 앞 삼거리","서울 용산구 한강대로 31"
"한강대교 남단 사거리","서울 동작구 본동 475-1"
"동부센트레빌 앞(101동)","서울 용산구 이촌로 174"
"청년창업플러스센터 앞 사거리","서울 마포구 매봉산로 37"
"서울한남초 삼거리(남쪽)","서울 용산구 한남대로 112"
"효창공원앞역 사거리","서울 용산구 백범로 지하 287"
"전쟁기념관 삼거리(남서)","서울 용산구 한강로1가 42"
"남영역 사거리(1번출구)","서울 용산구 원효로1가 110-2"
"청파동주민센터 사거리(남쪽)","서울 용산구 청파로49길 6"
"서빙고동주민센터 앞 교차로","서울 용산구 서빙고로 279"
"유닉스 전자빌딩 앞 사거리","서울 용산구 원효로 252"
"남영동우체국 앞 사거리","서울 용산구 두텁바위로 6-1"
"호텔케피탈 부근 삼거리(서남)","서울 용산구 장문로 23"
"폴리텍1대학 앞 삼거리","서울 용산구 보광동 238-85"
"삼각지역 사거리(3번출구)","서울 용산구 한강로1가 296-1"
"이태원역 삼거리","서울 용산구 이태원로 지하 177"
"서울남정초 부근 사거리","서울 용산구 원효로64길 17-10"
"이태원동우체국 부근 교차로","서울 용산구 녹사평대로 212"
"청구성심병원 앞 삼거리","서울 은평구 통일로 873"
"연신내역사거리(3번출구)","서울 은평구 불광동 308-1"
"국립보건원 앞 삼거리","서울 은평구 통일로 684"
"불광역 사거리(6번출구)","서울 은평구 대조동 13-1"
"역촌역 사거리","서울 은평구 서오릉로 지하 63"
"구산역 사거리","서울 은평구 연서로 지하 137-1"
"국민연금공단(서쪽)","서울 은평구 통일로 742 한화생명빌딩 3층"
"질병관리본부 부근 사거리","서울 은평구 불광동 285-43"
"수색교 북단 삼거리","서울 은평구 수색동 401-2"
"응암오거리(연은초 부근)","서울 은평구 응암동 604-3"
"동명여고 앞 교차로","서울 은평구 대조동 2-54"
"역촌역 부근 삼거리(북쪽)","서울 은평구 서오릉로 지하 63"
"갈현동 439-10번지(사거리)","서울 은평구 갈현동 389-14"
"수색119안전센터 앞 삼거리","서울 은평구 수색로 320"
"신사오거리(응암역)","서울 은평구 신사동 22-15"
"갈현동 495-22번지(사거리)","갈현동 495-22"
"동명여고 앞 교차로","서울 은평구 대조동 84-114"
"증산3교 서단 사거리","서울 은평구 증산동 197-10"
"다마스퀵","서울 은평구 통일로 827 203호"
"서울튼튼병원 앞 삼거리","서울 은평구 갈현로 15"
"연신내역 부근 사거리","서울 은평구 불광동 487-2"
"역촌사거리(삼성타운아파트)","서울 은평구 대조동 172-77"
"연신내역 부근 삼거리(서쪽)","서울 은평구 갈현동 439-7"
"구파발사거리","서울 은평구 진관동 70-20"
"신응교(새절역 4번출구)","서울 은평구 신사동 352-1"
"역촌초 사거리(동쪽)","서울 은평구 역촌동 82-31"
"와산교 서단 사거리","서울 은평구 응암동 610-5"
"신사동 7-15번지 앞 사거리","서울 은평구 신사동 6-36"
"불광시장 부근 교차로","서울 은평구 대조동 14-34"
"혜화동로터리(가톨릭대)","서울 종로구 혜화동 56"
"동묘앞역 사거리(9번출구)","서울 종로구 창신동 263-3"
"청계5가(종로5가역 부근)","서울 종로구 종로5가 194-1"
"정동사거리(창덕여고)","서울 중구 정동 23-1"
"광화문 앞 삼거리","서울 종로구 세종로 1-68"
"청계6가 앞(흥인시장)","서울 종로구 창신동 436-88"
"동대문역 삼거리(1번출구)","서울 종로구 창신동 463-2"
"관철동 14-1번지 사거리","관철동 14-1"
"서울지방경찰청(북동)","서울 종로구 사직로8길 31"
"광하문우체국 사거리(북동화","서울 종로구 종로 6"
"동대문성곽공원 앞 사거리","서울 종로구 종로 285"
"광하문우체국 사거리(북동)","서울 종로구 종로 6"
"안국동사거리","서울 종로구 송현동 49-14"
"청계4가교차로","서울 종로구 예지동 47-3"
"동대문역 사거리(3번출구)","서울 종로구 창신동 204-14"
"예인의터보습학원","서울 종로 평창동 197-1"
"청계3가교차로","서울 종로구 장사동 186-5"
"종묘광장(광장공원 앞)","서울 종로구 종로3가 45-4"
"광화문빌딩 삼거리(남동)","서울 중구 태평로1가 63-1"
"이화사거리(글로브극장)","서울 종로구 연건동 218-1"
"평화새마을금고평화2지점(북쪽)","서울 종로구 창경궁로 264"
"서울대연건캠퍼스 의대 부근","서울 종로구 연건동 1-3"
"혜화역 사거리(4번출구)","서울 종로구 명륜4가 1-2"
"신설동역사거리(동대문우체국)","서울 동대문구 천호대로 4"
"원서공원 앞 사거리(남동)","서울 종로구 운니동 97-8"
"혜화동로터리(가톨릭대)","서울 종로구 혜화동 56"
"공평아트센터 앞 사거리","서울 종로구 관훈동 186-1"
"창신역 앞 삼거리(1번출구)","서울 종로구 창신동 20-8"
"종로구청 동남 사거리","서울 종로구 수송동 146-11"
"트윈트리타워 앞(경복궁)","서울 종로구 중학동 40-2"
"한국은행앞사거리(소공별관)","서울 중구 남대문로2가 109-1"
"신세계백화점 앞 사거리(본점)","서울특별시 중구 소공로 지하 58"
"염천교 동단 사거리","서울 중구 순화동 212-11"
"약수역 부근 사거리(서쪽)","서울특별시 중구 다산로 지하 115"
"서소문근린공원 부근","서울 중구 순화동 199-3"
"을지로4가역 사거리 서울 중구 을지로 지하 178","서울특별시 중구 을지로 지하 178"
"서울역 앞 사거리 서울 중구 남대문로5가 67-4","서울 중구 만리동1가 5-1"
"CJ제일제당빌딩 앞 사거리 서울 중구 동호로 330","서울 중구 쌍림동 146-43"
"을지로5가(훈련원공원 앞) 서울 중구 을지로5가 40-5","울 중구 을지로5가 32-2"
"숭례문광장 앞 교차로 서울 중구 남대문로4가 29","서울 중구 남대문로4가 24"
"장충체육관 앞 사거리 서울 중구 동호로 241","서울 중구 장충동2가 200-99"
"서울역광장(남대문경찰서 앞)","서울 중구 봉래동2가 125"
"중구보건소 동쪽 사거리","서울 중구 무학동 76"
"성동공업고등학교 부근(서북)","서울 중구 흥인동 163-1"
"서울시청 동남 삼거리","서울 중구 태평로1가 31-34"
"연세세브란스병원 부근 사거리","서울특별시 서대문구 성산로 515"
"남산어린이놀이터 앞 삼거리","대구 중구 남산동 2486-9"
"남대문세무서(북쪽)","서울 중구 을지로2가 203-3"
"만리동시장 앞 삼거리","서울 중구 남창동 64-1"
"스리랑카대사관 앞 사거리","서울 중구 신당동 842-4"
"을지로입구역 사거리","서울특별시 중구 을지로 지하 42"
"청구역 사거리","서울특별시 중구 청구로 지하 77"
"신당역 부근(4번출구)","서울 중구 신당동 99"
"남대문세무서(북쪽)","서울 중구 을지로2가 148-85"
"신당역2호선 앞 사거리","서울 중구 황학동 756"
"동대문패션타운 부근 삼거리(북동)","서울 중구 을지로6가 18-231"
"도로교통공단 앞 사거리","강원 원주시 반곡동 1863"
"연세세브란스병원 부근 사거리","서울 서대문구 대신동 143-15"
"서울역 앞 사거리","강원 원주시 반곡동 1863"
"도로교통공단 앞 사거리","강원 원주시 반곡동 1863"
"중화동우체국 부근(남쪽)","서울 중랑구 중화동 50-5"
"동1로지하차도(한샘교회)","서울 중랑구 망우동 535-10"
"장안교사거리(용마지구대)","서울 중랑구 면목동 284-19"
"상봉지하차도 교차로(상봉역)","서울 중랑구 망우로 297"
"망우본동 주민센터 부근","서울 중랑구 망우로67길 10"
"신내지하차도(하이마트상봉점)","서울 중랑구 망우로 399"
"망우역 앞 사거리","서울 중랑구 상봉동 72-8"
"용마한신2차 앞(101동)","서울 중랑구 면목동 1326-109"
"상봉시장 앞(면목초 부근)","서울 중랑구 면목동 98-6"
"우림시장 오거리(남동)","서울 관악구 신림동 636-9"
"사가정역(2번출구)","서울특별시 중랑구 사가정로 지하 393"
"면목2동사거리(삼성교회)","서울 중랑구 면목동 176-9"
"장안중 부근(북쪽)","서울 중랑구 중화동 54-1"
"면목역(2번출구)","서울 중랑구 면목동 49-32"
"중랑전화국(중목초 부근)","서울 중랑구 면목동 294-2"
"망우사거리(망우본동우체국)","서울 중랑구 망우동 534-5"
"면목2동사거리(삼성교회)","서울 중랑구 면목동 290-4"
"까치공원 부근(북동)","서울 중랑구 면목동 608"
"사가정역 부근 사거리(남쪽)","서울 중랑구 면목동 630"
"동원사거리(면목지구대 부근)","서울 중랑구 망우동 534-17"
"메가박스 상봉점 앞","서울 중랑구 상봉동 397-14"
"망우본동우체국 사거리(동쪽)","서울 중랑구 망우동 534-5"
"중화동우체국 부근(남쪽)","서울 중랑구 중화동 50-5"
"상봉동 474-4번지","상봉동 474-4번지"
"장안교사거리(용마지구대)","서울 중랑구 면목동 290-7"
"서울시체육회(새중랑교회)","서울 중랑구 상봉중앙로8길 41"
"망우지구대 앞 사거리","서울 중랑구 망우동 535-10"
"동부시장 사거리(북동)","서울 중랑구 면목동 1509-2"
"신내지하차도(하이마트상봉점)","서울 중랑구 망우로 399"
"면목두산5단지 앞 사거리(502동)","서울 중랑구 면목동 1509-2"
